dimension,mean_term,covariance_term,w2_squared
2,9.8125,0.46585800152249,10.27835800152249
